Title,Genres,Price,Unicorn
The fiery one,Dark Riders,5,Adiana
The cheerful one,Dark Riders,5,Alairia
Fair and Beautiful,Dark Riders,5,Alanala
Fair of face,Dark Riders,5,Albany
The Truthful one,Dark Riders,5,Aletha
One who charms,Dark Riders,5,Alize
Peaceful and Attractive,Dark Riders,5,Allena
The Powerful one,Dark Riders,5,Amandaria
The Eternal one,Dark Riders,5,Amara
Strong and Courageous,Dark Riders,5,Andra
The Angelic one,MagiCorns,7,Angelina
Full of Grace,MagiCorns,7,Annamika
Bright as a Star,MagiCorns,7,Astra
Little blessed one,MagiCorns,7,Bennettia
Simply beautiful,MagiCorns,7,Bellini
One who is blessed,MagiCorns,7,Benicia
Rainbow power,MagiCorns,7,Biancha
Perfect joy,MagiCorns,7,Blissia
Swift and strong,Rainbow Unicorns,7,Boaz
The pretty one,Rainbow Unicorns,7,Bonita
Pure and Virtuous,Rainbow Unicorns,7,Breanna
The strong one,Rainbow Unicorns,7,Bryanne
From the moon,Rainbow Unicorns,7,Celina
From the stars,Rainbow Unicorns,7,Celestia
The Gentle one,Rainbow Unicorns,7,Clementine
The bold one,Rainbow Unicorns,7,Cortesia
Morning Star,Rainbow Unicorns,7,Danika
The Noble one,Rainbow Unicorns,7,Della
Lover of the Earth,Dark Wings,7,Demetrius
The great one,Dark Wings,8,Denali
The Roamer,Dark Wings,8,Dessa
Celestial Spirit,Dark Wings,8,Deva
Child of the sun,Dark Wings,8,Drisana
The Sweet one,Dark Wings,8,Dulcea
Divine Spirit,Dark Wings,8,Duscha
The Shining one,Dark Wings,8,Electra
The Chosen One,Dark Wings,8,Elita
Full of determination,Jewel Unicorns,8,Etana
Eternal friend,Jewel Unicorns,8,Eternia
Always tranquil,Jewel Unicorns,8,Evania
To be trusted,Jewel Unicorns,8,Faith
Happiness always,Jewel Unicorns,8,Felicia
The Fair One,Jewel Unicorns,8,Fenella
The Daring One,Jewel Unicorns,8,Fernaco
The Grey Eyed One,Jewel Unicorns,10,Freya
Little Star,Jewel Unicorns,10,Estrellita
The Swift one,Jewel Unicorns,10,Fleta
Prosperous,Jewel Unicorns,10,Floriana
The protective one,Jewel Unicorns,10,Gerda
Forever young,Jewel Unicorns,10,Giulio
The graceful one,Jewel Unicorns,10,Gratiana
Brown Eyed Buttons,Jewel Unicorns,10,Yana
The Smart One,Jewel Unicorns,9,Felicity